text,label
"وحدة في الچيم بتقولي الچيم ده كلله متحرشين وحاجة قرف بقولها خير فين ومين  ملاحظتش قالتلي فلان ده عمل نفسه بيسأل الساعه كام وجاي ورايا عشان يسألني اشمعنى انا🤦🏻‍♀️🤦🏻‍♀️
#prt",2
@nasser19999 اولا البلديه مالها دخل ثانيا اتمنى انهم يطفون الكهربا عليك 😂,0
@nasser19999 ع الاقل أحلى من بدلاته اللي يلبسها كل اسبوع,0
"@majedahaljarky 
السلام عليكم ورحمة الله اسعدالله مساج يابعد قلبي وربي يجزاج الجنةويبعدعنكم الشر هذا اللي تعلمته منج الخير وطيب التواصل",0
@hanein_135 سعودى تم سجنه عشرة ايام على ذمة التحقيق في جورجيا بسبب وجود شريط حبوب بنادول 😎لو الاردنى ذا بجورجيا اعدموهـ بالرصاص ولا يكمل ثلاث ايام ✌🏼✌🏼عاشت جورجيا بلاد الحزم والعزم,0
"😂 صدمه 😂

 #جحفله_النصر_العالميه https://t.co/eMpYdOVFBn",0
انزين شنو علاقه اللي يطلع ب محل العصير ؟,0
من باب ساعد أخاك المسلم اول ما يوصلنى خبر ان اَي عضو في البرلمان يبي يسوي show ويبي يفتح ملف التحويلات والايداعات مره عاشره راح اقول لكم علشان تواصلون وصلة الردح والسب والقذف,0
@Emp_Bahrain @NBH_MO بالضبط، تذكرت زوجته و إن الله بينتقم منه فيها.,0
@Salah65729413 @ALSHAHEENNN @alzeen1122333 @hamdolla120 @Manama9200Ahmed @jameelabh8 @layla_buhazza @AyshaAlzeen @sh411637 @JihanMohammed1 عيدك مبارك الوافي وايامك سعيده https://t.co/4VhrHZ82yP,0
@ZainaMAA سباح الورد غلى عيونج 🌹❤️,0
@ahmed_thunai كفووو يا ولد قابوس المعظم 🇴🇲❤️🇶🇦,0
"بغض النظر عن الأداء الجيد الي قدمه الفريق اليوم ، بس الدفاع مششش ممكن ... سالفة الانفراد من نص الملعب قاعد نشوفها بكل مباراة نلعبها تقريبا!!!

وين شغل المدرب؟!! #أرسنال 😑",0
الكبت: للملابس النظيفه ‹☺›  السرير: للملابس قيد الاستخدام ‹☺›   الارض: للملابس الوصخه ‹☺›  تعال فهّم إلي عندنا هالفن وهالتنظيم ☺؟,0
@nassir_314 انا اشهد 😂 الله يرزقنا,0
@rooz82441 سافرت تو شلوها المطار حتى الشواء ما واحتبه 😂😂,0
"انت  داري  مالك  بقلبي  مكان
وغيمه  احزانك  عن سماي  حلها
انت  الي بعد حب سنه راح  وخان 
بلاسبب رحت ونسيت عشرتنا كلها
لاتشكي اوجاعك ولاتقول من الزمان
وانت بسيوف غدرك بوجهي تسلها
لاترتجي نرجع سوا انت مامنك امان
اترك جروحي، وروحي  ولغيرك خلها 

#سمر_البحرينيه🇧🇭",0
@AlhabsiKhalid @YouTube بعدها ، تحتاج مراجعه أتوقع,0
"ان زان حظك إلزم السر والصمت
وإن شان لا تجعل عدوك يشوفه

واسجد لربك واذكره وين ماكنت
ماخاب من يدعي ويرفع كفوفه",0
@ksa_1387 ولا إحنا نرضى عليكم ولا أعتقد أحد يتجرأ يغلط على أي دوله من دول الخليج لإن يعرف شو عقوبته والله يصلح الأنفس,0
@alsfah94357770 بيص ألله وجهك على هالكلام الطيب ...,0
"#فهد_المولد

ليه زعّلت  #النونو   يافهد  ؟؟

راح يدمرك وينهي مستقبلك لأنك 

خليته يبكي #النونو المسكين 🥺😊",0
@Mohd_BAH @MohamdDakheel @Ghadeerooz وش هالتغريدة الخرائية ، يتمنى يموت بس ماكو هدف ولا غاية بس يصفثف كلمات من اجل الرتويت,0
وش قصة البيانات اللي ماتطلع الا آخر الليل؟؟ #تحالف_خفافيش https://t.co/sBo3upN0ST,0
@DrAl_Lawati عجيب ترامب مبتسم شو صايرله,0
@Bsmataldaiq8 وايد يسوونها بمطاعم وقهاوي سوق شرق,0
"@Bsmataldaiq8 صح بدنج 
وصباحج أسعد يارب 💐💐",0
"ماعلمك طول الفراق إني كبير 
وإني على كثر إشتياقي ماتبعك
ماقلت لك قبل التمادي أستخير 
خل العناد اللي غدابك ينفعك ..",0
@mohamed_alkwari @bin_shaheen52 @bahraini_girl5 @manalabdulla99 @3anoodAlThani @Benguennak اكيد م فيه شك 😌👑❤️,0
"@L0o0yalty_ @walaa3210 مستشفى شهير في جدة توفى فيه والد زوجي و كان لابس ساعه روليكس و خاتم كارتير رجالي 
تمت سرقتها منه 🙂 !!
مااحترمو حرمة ميت او حقوق مريض !!",0
لاتشيل الھم .. والدنيـــا متـاع (ابتسم) عيش الليالي في سرور كم كبير وكم كريم وكم شجاع خلو الدنيا وعاشـوا .. فـي قبـور,0
@zjeran_kw وهقهم. عطهم خبر مو صحيح وبعدين اكشفهم . يعني طلعهم اوفسايد,0
@MarwaAlbastki اوو تعرفين تلعبين بليارد ؟,0
@JazaaAlqahs امييييين وعسى يتقبل منا ومنك صالح الاعمال يابوفهد,0
كارفخال ضايع الله يستر,0
@_zheimer_ لا قوائم ولا شي هذا اهو تويتر جذي بس الظاهر ماعندك خبره وايد واذا ماتبي احد يرتوت لك سو قفل وخلاص,0
"السفارة السورية بالكويت طلعت شغالة واحنا ماندري !!!!

شوفوا الاعلان بالجريدة !

. http://t.co/vYo2fM0roJ",0
"ولهت لضحكها وجدها ولهت المس انا يدها 
.
.
من هي صاحبة الصورة ؟
#لندن https://t.co/mWus1ULajS",0
@Enpersoon @saqrA55 لاياعمي ناس بسطاء وينه وين الاستاذيه ☺️😂,1
"احيان تاخـذنا مع الطيش نوبـه
    ونتوه في دنيا الاماني والاحلام

يارب قبل الموت .. نطلبـك توبــه
    تمحي بها كل الخطـايا والاثام",0
@QNBGroup البنك التجاري هو الوحيد اللي يعطي  قروض,0
@Emaratfm بكل بساطة من يطالب بالمنع فهو شخص لا يستطيع التحكم بأبناءه، جميع الالعاب تصنف وفق عمر محدد اذا كان ولي الأمر غير مهتم بهذا الشيء فلماذا يطالب الجهات المختصة بمنعه… مثله مثل اللي يقدم ادوات التدخين للاطفال وبعدين يقول ليش موب مانعين التدخين!,0
"محتاج اسافر من يدينك الى حضنك
يا حلو هالغربه و يا حلو هالموطن !",0
#اول_اغنيه_سمعتها_في_حياتك صادني في غرامه غشني في كلامه,0
"يا غيم اذا شفته وهليت دمعك
سلم عليه وقلّه إني أحبه ♥️♥️",0
@Corrup_fight يبا مو مؤذن فراش وياذن لان  للاسف بعض المؤذنين مايداومون,0
"ابو جسار باقي صامل ومثبتها ،، اتوقع اذا
بيمشي بعد مباراة الفيحاء وفي مدرب جاهز
ومتابع الفريق https://t.co/Ksrf4Cxo8c",0
"@mahdi7227 إن شاءالله ماشي غير كذا السحل مع انه موضة هالصيف كرش😄
رفعوا معنوياتي لين نسحل",0
@snfor1010 الردمية ذي باطه كبد الدب الداشر اللي فلسكم 😂,0
"يوم احضنتني دمّعت ، قلت : تبكين
قالت : اظن الدمع (أصدق وسيله)
ردّت ، وقالت : وش عذاب المحبين
قلت : الغياب !وفي عيونك دليله :')",0
@nasir_alarbash الكل حاط معدوم  ولكن بالانتخابات يرجعونه للكرسي  شلون؟؟؟ 🗝😐🚫,0
@3isoov القهر يا يوسف بأنه حتى ما يقدر يختار أسماء لتعزيز الدكة او وجودهم كأساسيين،، وين محمد فوزي وين فوزي فايز وين علي عيد وغيرهم من لاعبين !!,0
@alhamed54 @w_mwm_ @ajmurgent هههههههه زعلان عشان مخليكم الدب الداشر تاكلون من الزباله 🤣,0
@Oldest_Snake @raulio @OldKhwilled كل تريلر ينزله كوجوما.. يكون حدث خاص منفرد.. يبي ليك تشوف reaction تبع angry joe 😂 يقول هالتريلر احسن من العاب لعبها السنة وهو مو من شبيحة كوجوما مثلنا 😂😂😂😂,0
@arifomani @AliAlmahri @badralbusaidi هذا للعلم خله يتابع فقط https://t.co/4bzb0Ng20w,0
@boammar @al_rasekhoonوالله خوش خبر ياشيخ اهلا وسهلا بالشيخ المغماسى,0
@Znouwbsh سبحان  الله لازم تصيرين رفيجتي https://t.co/p21bsjURTg,0
"@81_Marvelous @abdulrahman صح بدنك اخوي خالد .
الله يحفظه و ينصرهّ و يكتب أجره 🙏🏻",0
@Nalfadliq8 @ahmad__xavi ههههههههههههههههه مندوبك دام بدون أكيد منحاش منك ويقولك سيارتي محجوزه :),0
"بالبدايه كنت اظنه اعجاب عابر 
بس احساسي خذلني وماصدق
صرت احتري جيته وماني صابر
ممتلي شوق ومشاعر وقلبي غرق
#سمر_البحرينيه 🇧🇭",0
"احبه  غموضك ... اتلعثم لا جيت اشرحك
رددني في  مواويلك كل ما رقت وصفيت
يا  غرامي  ليته  اللي  مرجحني  مرجحك
قرب تعال ردها انفاسي انا منك ما كتفيت
عبدالعزيز الرويحي

#غرام_ظامي",0
@BvcrRl97srjxfVX @AgShadi1 @PeaceYeme مش كانو متخلفين بس اسقاط الولايه جزء من الحضاره وحق من حقوق النساء واخذوه ومبروووك لهم الولايه خراافه,0
@q8father الشياب مالهم ظهر يحميهم من استغلال عافية لهم مع الاسف 🇰🇼,0
@JoodAlbastaki @AbdllahAlneaimi من علمه للغيب ما عرف انه بينضرب من بنت خالتج!؟,0
@TurkiAldakhil اذا عاجبكم خذوه لكم يعطيكم وظايف ويوزع الثروه توزيع عادل وتعيشون بكرامه 😁,0
ان الله وتر يحب الوتر,0
عيني ترفّ طول هاليوم، إيش السالفة ! 🙃,0
"ألي صالح الفضاله

كل عام وأنت بمرض وعساك ما تكمل هالشهر",0
@nayef965 من طلع من داره قل مقداره 😞,0
@its_jarah تعال معي طيب حتى هنا أحلى بلد ❤️,0
@Bnt3fash @mowatinyemeni @yemen2122017 بة عندنا بردقان أخضر مبلل ماء كلة والله,0
واضح ان فوق بيتنا شمس طالعة 😂 https://t.co/NDFCcattD0,0
الله يغفر له ويرحمه ويتجاوز عنه ويحسن نزله ، الله يرحمه صاحب موقف وكان صوت الحق ،، #مشاري_العصيمي,0
"😂😂بس حبيت اذكر قناة بدايه قولنا لكم اجتماعيه مو دينيه .. واللي قدموه الشباب شي من عندهم والات بشريه لو سمحتوا😂😂 افهموا شوي الله يأخذكم من بشريه 

#زد_رصيدك86",0
@babalrayyan11 🤣🤣🤣🤣🤣🤣🤣🤣🤣🤣🤣🤣🤣🤣🤣🤣🤣🤣🤣🤣🤣🤣🤣🤣🤣🤣🤣🤣🤣🤣🤣🤣🤣🤣 لا اتحاتين محد يقولي يا حسرة,0
@omran_mohamed1 الموضوع في التحكيم شو وداه الاستئناف أساسا,0
"انا وهمي؟

ليش تسحبون الجناسي
حط قانون ما تغرد الا بليسن
و سو اختبارات تغريد و لا تنجح احد 😂😂😂😂 https://t.co/Ef4jmH0Ztc",0
بعض الناس لين راحوا البلاد الي خبركم 👇🏼🤪🤪🤪🤪 https://t.co/RuY7lgzykQ,0
@mohd_s3eed روح اشتغل شغلته وخل عنك المثاليه الزايده,0
@Al_khalaf90 @Abdulla_Albader والله ماله حل هههههههههههه,0
"@omania_i 
وأنا أتخيلك مثل صورة العرض مالك بالضبط ، ما أعرف ليش",0
@NasserSalmeen الاسد السلطاني المعظم مايهرول عبث يمكن يصلح ماخربوه بنو قريضه اهل السعوديه ماتدري يمكن طول هالمده سلمان بايع القضيه واحنا فاهمين غلط,0
"هل تعلم ان الايموشن هذا 😠 هو نفس الأيموشن هذا 😡
بس عنده نقص دم 😃
هههههههههه😂😂",0
"@topkwt_ 
هالشيله وايد أحسن و أفيد و أقرب للمتلقي من قصيدة (بنت يعرب) اللي يدرسونها في مدارسنا وما فيها ولا قيمه تربويه ولا أدبيه !
صح لسانه",0
إن شاء الله يعدّي هالكورس على خير بس !,0
"دورك كمشهور مو انك تبيع الاعلان .. إنك تعلن وبس .. والمتابعين يشوفون الاعلان من خلالك
 .. قط سمعت التلفزيون يحطون دعاية مطعم و يحطون تحته تعليق( تره صج ناااطع) ؟؟ 
انت إعلن .. و قول عن الشي الي صج تحبه .. 

مو معقوله كل شي لذيذ وجميل ولذيذ وجبار
ويع
ويييع",0
"أحلى لِقى لا صار من دُون ميعاد.

#صباح_الخير",0
@Q8_awan موجود عندي فيديوالهوشه واحد من المتهاوشين طايح يمكن مغمي عليه 😱,0
@llill_1412 الموسم و المجرة ما تابعتهم,0
"#امطار_سبتمبر_عمان
نتابع بصمت ..عشان محد يزعل علينا هههه",0
@AhdAhdo @Hvsh__ @mahmooda7x 😂😂😂😂😂😂😂😂😂😂 الله لا يخليني ف مكانها,0
"جابر الله الخاطر لا عدمت حب حبيبك ،
وجابر الله الشوق اللي مثل الجمر يحتريك !",0
@KH__G اليوم حصَّلته وانا ارجع احد الدوائر الحكوميه والله ما استحيت نزلت ومجعته من الشير رديت وركبت سيارتي   الصراحه لو شي ثاني عادي بستحي انزل بس السالفه فيها لوز خلي الحياء طشونه على صوب خطير بس ما بقول اَي دائرة  عشان محد بسير يخلصه   من الشير 🤗 https://t.co/qiVFeWu7Vm,0
"#اطردوا_شمر_من_الكويت

خبل او جاهل من وضع الهاشتاق ، شمر من لم يعرف تاريخها فلم يعرف اسم ابويه ،،، انتهى",0
"اذا شفت اعلان اكل
مسويه واحد ضعيف بصكه بلوك",0
@Fahd_Alshelaimi ما أسمع  يالشليمي عندهم كرم 😂😂😂 https://t.co/MrrXEuMB1a,0
@Ebthaj9999 الله يسلمك يالشيخه والشر ما يجيك 🌹,0
@SaudAlJeri ايييييه 😂😂يا معود انا اهون من الدلال ممثل الامه وحطه بتويتر 😳😳,0
"@Al3omda20121 @janoubalsourra_ هههههههههه
يعني شنسوي نسفرهم بره 
خل يتعلم ويشد الحيل والله يفرجها على ديرتنا 
ما نترقع",0
"ماني مجازيك في صدك وهجرانك 
ودعتك الله وتلقى واحد ثاني",0
"دايماً التضحيات اللي تقدمها للناس بتكون 
أنت الضحية والمتضرر الوحيد امامها .",0
@menwernoor صح الله لسانك المنور ابداع,0
@alqassimi5 🤔 تدري انك مُهزأ  ولا ماتدري,0
@serm_aii يمكن كلهم شاربين من نفس براند ماي البالوعه,0
@ksa54639271 مشكلتك نقع ريلي في قالب ثلج بتصير زين 🤨,0
@waleed24165 @ibdranx ياوليد ماقال شي غلط المدرب من حقه يدعم لاعبينه اما موضوع السومه انتو مكبرينه واجد كلامه واضح اي لاعب في العالم لازم يقعد احتياط,0
"@NikonTrain @MajedAlasmariAP @ABK3tb تشككك بالناس
وعلى اساس انت داخل تويتر بجواز السفر
وجاك مختم لك🤔",0
"لو اشتري هالصحن أتوقع أمي تكسرهہ ﻋﻟى راسي ‹̷›  
http://t.co/GY2Yni3r",0
بعد شوووووووووووق كبير لمدرج الأصفر، شعاع الشمس موعود بمباراة جماهيرية بإذن الله، وبصوت واحد كلنا نقول:  #للسويق_جينا_من_كل_مدينة 💛🖤,0
@ali_q6ri @AJArabic عاد الحين بنخاف احنا من اللوتي العيار الكبير 😂💔 والله محد درى عنك ولا عن ويهك ياللوهه,0
أحب اسمك وأضيع إن مرني طاريك ♥️,0
@Njood15A معاناة مشتركة 🤦🏻‍♀️😂 يبيلنا صراحة,0
"الصراحة طلعت في الحر أصورها عشان خاطر القوارض. 

 #حجب_تويتر_في_الامارات https://t.co/CWFPXlLG6b",0
@aliashuaib كل عام وانتي بخير يا دكتورتنا العزيزه بس ممكن نعرف منظر الثلج وين فيه,0
@A_AlAthbah يا حسافة دموعنا اللي تسببت بجفاف العين,0
"مابي الصُور و لا السهَر و لا العطر !
أبرتويك ، لـ / حد ما فيـني - ضما -

عندي : قُمر و نجوم ، وغيوم و مطر
أعطيك - كل هذا و تعطيني ( سما ) !",0
اللهم اكتب لنا من خير هذا اليوم وخير مافيه وخير مابعده وأكفنا من شر هذا اليوم وشر مافيه وشر مابعده,0
@86_thamer بلعافيه عليك كرك صور غير ههه,0
تو موه ذي الزحمه 😑😑😑😑,0
باموت و أعرف من ذي بو جكارة ال أم اللي يتكلم عنه. سعيد الحمد,0
من يقول لن اشارك بفرحة الكويت - اقول له الكويت ليست بحاجه لمشاركتك اهلها موجودين يفرحون وتفرح فيهم,0
"@lamia_lomi كثير والله و هذا الشعور كثير يضايقني 
تحديدا لاصار مع اشخاص مقربين",0
الآ الى الله تصير الأمور,0
"والله انيّ على شوفه وقربه شفوق 
ليتَ عيني تشوفه والمواجه سّهل .",0
@Azuri99 قسم بالله لو انه بمليار يساهلها,0
"ياكرهي للمتمصدرين سياسياً وامنياً ورياضياً ،، 
#بس_اقول",0
"#السلام_مول
عيب جده مليانه تكارين كلهم افارقه والله خربوا جده",0
"@ashgggan5 هههههههههههههههههههه
اللي  بيلعبوووه  هون يكفينا وزياده",0
أعجبني فيديو @YouTube على https://t.co/6t8ynk7Xwf شيلة ياحظ لاتاقف على باب الأرزاق,0
@BALUSHI_99 اللي يترك مره يتركً مرتين وثلاث ، لكن دام قلوبنا بعدها تنبض اكيد بنرجع له,0
"@uaen5 الطرفين مسوين ازعاج
اللي معاها ، و اللي ضدها .",0
@a35xxaa حبيب وعسى عمرك طويل طال عمرك💐🍇🍑🍎🌷🙌,0
@aljarbo3_H @RDX152 اعتقلوهم لينضفو عقولهم من اللوثه التكفيريه لاتخاف راح يرجعون خوش ناس,0
@Maryam98131842 انا بعد خاطري العب فيهم,0
@UAEEmbassyMonte كل التوفيق لك يا اخوي ابراهيم,0
@MOInformation تفشلون والله 🙂 لي متى هالعنصريه ليش جذي بتموتون عشان تفرقون الناس على اقل شي و اقل اختلاف بين المذاهب .. وين العادات و الاعراف بالموضوع؟ شدخل!!,0
@BMD137 @saudalmukhled بوسارة اللي ما أكل شورما سوق بازار  بالفحيحيل طافه نص عمره,0
@M7AMMAD__N825 انت مش انت وانت جوعان,0
@DER3_ALJAZEERA @KhalifaAlfadhel وااااااااااضح 😂 أتوقع لو نلعب مع خميس مشيط بعد بيشجعهم نحاس بس فينا 😂,0
هذا بعد شكله خوش لاعب جان يبتوه مدام رايحين رايحين https://t.co/rvgdxmUxGt,0
@ishawky_ حسب خبرتي بفنغر .. ملعبهم هو وسانشيز علشان يرفع سعرهم يعني شوفوا انا عاوزهم ومش ناوي ابيعهم وطز بنتيجة المباراة 😅,0
@balathob883 @Uxegx28GUCdzizq اي حب يكرهني جميع نساء الارض,0
"@GHANIMALOTAIBI 
الله يقوييك يابو جلوي 🌹",0
@noof2al @frrrh_h انا ونوف نبي نحط لنا ذود ونشارك,0
@Nody045 @FahadAlkubaisi اقل من اللي تتخيلينه😆,0
@Sour_4 @sara_4e واضح انك بنت ومقهوره منها لانه هذي مو افعال رجال لكن الله يجعل كيدك في نحرك اتقي الله,0
"شوفتكم #فرحة_وطن
#الإمارات_للجميع_الشميلي https://t.co/PMVhIDazIW",0
@Alshafi7 هههههههههههههههههه عراوي واجد عليه الا سيكل وايسكريم باليد,0
@hialishaq @qatar966 هذا مسكين !!؟ مادري ليش يوم شفته كسر خاطري !! قطري ومن بن ثاني .. معزز مكرم في بلادك !! تحط نفسك لعبه بأيدهم !؟,0
"الصدفه اللي جمّعتنا على  النت 
اجمل صدف عمري معش ي حياتي",0
@AboSeFo سويت كل هذا ما ضبطت,0
@EngFaris1 مايحتاج .. الهوى شرقي منذو مبطي,0
@KadetMohamed @rabeea_201 @boodibili2015 @moooootz @MoznKhaled يسدوا ويدوا لي الدمنه😅😅,0
@AliAlmslmani @JAlmansor @Just_ali84 @Maljamaan @alimusa26 @noisyfares @JassimAlJassim @N_Alhijji احنا اللي فخورين فيك.. ودائما نشوف التطور فيك.. وشكرا لك من القلب.. شاب مميز وطموح اجتمعت فيك صفات جميله وان شاء الله نشوفك في تطور مستمر,0
@ss_suhoq راح الشتا وجانا شتا وانا انتضاري لي متى 😂,0
@nnll12n @f9oo آبيچ تتقين الله في نفسچ ، و تستغفرين ربچ ، و لا تحسدين الناس على رزقهم ، و اللي عطاهم ، و إنتي قاعدة إتذمرين على عطايا رب العالمين ، قادر  يعطيچ مثلهم و أكثر ، و يچوف هل تتقبلين أمره و تصبرين ، أو بتذمرين بعد على أمره و حكمته,0
@adeldxb1981 بوفارس ليش معورين راسنا دام اصحاب القرار راضين فيهم و في ادارتهم العالمية,0
"@AlsulimiAsim اممممم اطيقه السوني 
خذ اتش تي سي1 احيدك م تبا سامسونج",0
"@abnbarka 
اول مره اعرفها هالمعلومه
وهالحلاوه بعدني ما اكلتها 😂😂",0
"@Ahmed_AlJassasi 
تسلم باش مهندس
عقبالك الغالي",0
@JetWisam @ritweeeet شو اللي على بالج,0
@heekma ذكرتتي بنكته المحشش ضربه اخوه كف قال ليه مزح لو جد ؟ قال: جد قال المحشش: تراني ما احب المزح ابد 🤣,0
@HoLSTN10 نفسي اول ماقررت اتزوج تهاوشت انا ورفيجي من يكلم أمه اول وطلعت متزوجه🌚,0
"@Ghanimalhajeri انت السبب ف كل المهازل اللي تحصل ..

اترك النادي يرحم والديك 🙏🏻🙏🏻🙏🏻🙏🏻🙏🏻",0
"مش مطلوب منك تواسي اهلك وناسك بالدموع والكلام
 اللي احترقوا بنار هذة الحرب مطلوب منك تحط
نفسك مكانهم وانت بتعرف ايش اللي لازم تسوية لهم",0
@Rashid_Alkuwari حلوووووو👌🏼 والاحلى انه منتج قطررررري 🇶🇦👏🏼 😉,0
"يروح ويرجع البرد.. وتجي وتروح 
واحسّ بكل دفا العالم وانا اشوفك.",0
@Oldest_Snake خخخخ تستاهل احلئ من لميس ونور وكل الاتراك 🏃🏃🏃🏃,0
عيونهم على الزلات وساع بس على الطيب يصيبهم عمى ،،,0
"@alhekmani2020 @_harith_hhhs خلاص متعودين 😅
نعرف الخيط والمخيط فالاعصار",0
@Jraq4 زين حاط مارينا اف ام,0
@Qatar_Edu يلا يا جماعة الخير بارك الله فيكم صلوا الظهر وافتحوا الموقع. والله ماعاد فينا اعصاب 💔😰,0
@Omnih2015 شوفوا حد يتبرع يشلني عشان اروج للوطن وازيد اقتصاديه 😋,0
"سو الجمايل دام عادك حي
ترا الكفو ماهوب ناكرها

تكبر بعينه لو هي اشوي
تلقى وفاها عند ذاخرها",0
@TamimBinHamad من نجاح لين نجاح ، طول عمرك تمشي عالقمم ، واللي في لندن قاعد يرقع حرب اليمن ، الله يطول بعمرك ويعزك,0
الف مبروك 🚘 لأخواتنا السعوديات 🇸🇦🇶🇦❤️,0
@Mailk2030 والله مدري بس شكله سلمان اكبر 😅,0
"فيفي عبده.
احس اسمها شبها ههههه",0
باسل خياط متحدث ممتاز ومو مستفز..مقابله جميله,0
"الرسايل اللي يوصلها طارق كيال ل الزاحف
وهو يغرد فيها بتزيد الجمهور حقد وكراهية
لهذي الادارة المفلسة ومابتعدّل الوضع ،، بنشوف
عزوف جماهيري غير مسبوق في تاريخ الاهلي
وهذا اللي لازم يصير في الوضع الراهن ،،
النادي مختطف",0
"@kuwait_post 
السلام عليكم

عندك فكره عن المراكز اللي تقدم خدمة البريد الممتاز؟
وأيهم يداومون عصر ؟",0
@A7lash3oor @dibrahim_d هفففف 🌚ما تخلون الواحد يغرد 😂👊🏻,0
@oppressed_bh @AJArabic ايه بهريني وتاج على راسك انت م تسوى ظفر حد منهم ع الاقل منهم فايده مب مثلكم 😌❤️.,0
"فتح باب التطوع في الـ UNV 
قدمو ياشباب ❤

https://t.co/Mm1ErFQQnx",0
@ms1230120 انتي وحكومتج عجيبوا اثبات واحد ان احنا دعمنا الارهاب ياطاهرين,0
محظووووره هاه خربت المراجل 😂😂😂😂😂 https://t.co/qEd4NanAM9,0
@Khalil_Bohazza ومن اللي اعطاهم وكالة يتكلمون باسم الحكومة؟,0
@Qu11___ @bdwi_0 @6fshan011 @OoredooQatar ايه وااضح اني متعبه عمري على نقاش مع ناس م تفهم الا الفلوس ف توكل خل يحشونك فلوس اكثر واسكت ❤️.,0
@Aa_2h4 @i3z0zZz @hanouxda @MQLB مثال لو انه جارك قالك ممنوع يجيك ظيف و ممنوع تمر من بيتي ماعندك غير هاي الطريق وحطلك شروط انت ماتقبلها وحط لك شروط غير منطقيه راح توافق,0
@NawafAlShehhi شفته من فتره ع التلفزيون أتوقع وزنه وصل 150 كيلو الحين ☺,0
@Daneeda_t @SaadSalemAajmi اعتقد راح تتغير صورة بروفايله 😂,0
الغيم يحوم وربك رحوم #رمضان,0
@Mshary2407 @duniabatma وليه ما تسألها انت وتاخذ الجواب,0
"في ذا الزمن لاتربط احلام بالناس
ولا تثق... الا ..برب ..الخلايق.

طبع الوفاء اعلن مع الناس الافلاس
وتنخدع من حيث ماكنت واثق",0
@SalehAlbarrak @sawsanalshaer استر نفسك وبلادك بالاول وعقب تعال علق,0
"'
جھُـز حـزامك والۆعـد دۆم قدام
خابـرك فالجنوب كل دربٍ تدله 🔞 @ طعس العطيه http://t.co/CrA7j2ItnJ",0
@uae_3G حرروك في غابه متروسه تماسيح ووحوش قول آمين,0
@fayez989 @aduayman12341 @Rashed_algannas @bao7e عسا التوفيق فالك يا غالي ❤,0
"#لأني_أحبها_مقاطع

العمر تجاوز العقد الرابع وخبري بمستشفايتنا اهي اهي!؟شنو المجلس نايم اربعين سنه؟قال قوانين قال

ما يلزمني",0
@gsalghanim المباركيه بعد شي مو عادي الرخص مساكين اللي للحين يطلبون اونلاين,0
@Talal_RM7 احسن الله عزاك مره ثانيه و اخر الاحزان يا رب,0
@zaimuae6 والله أني اتفق وبشدة,0
@bader_9993 @t_emaan91 @KSA24 @nas11ney ههه صدقت وناس طرابزون واوزنجول عايشين بالفطره طيبين وهذه لاتعتبر مدن بل ارياف روح اسطنبول وانقره والمدن الكبيره شوفهم على حقيقتهم وشوف النجاسه زي الناس تكره اليوم اللي فكرت فيه تروح تركيا,0
@m_Alyoubi @GhanemAlmasarir طبعن شعب فاضي يدور الرزق من ديره لديره والامان 💔,0
"على درووب الوفـى كنا وﻻزلنا
وسلـوم جـدانا مـانختلـف عنها

مع الرجال الكفو نعرف منازلنا
ومن ﻻيعرف الاوادم مايثمنهـا",0
يا أخي أنا مو اللي بقلبي على لساني انا اللي بقلبي على وجهي للأسف 😌,0
"@Bsmataldaiq8 يسعد صباحكم بخيره وسروره 
مع هالوجه البرئ الصبوحي والقحفية المشخلة 
👋🏽👋🏽💐💐 https://t.co/R4ZlAIQi4I",0
@SaAlNuaimi زانيتي زبال و ماله شغل بالانتر 🤣💔,0
@HalaFmradio ٧٧ بس؟ والرساله بفلوس على الاقل خلوها ٧٧٧ ريال,0
"مابي حياتي لا خلت منك تنعـاف
وش الليالي لاخلت مـن قمرهـا
جرحتني واليوم ماعاد تنشـاف
عيني تمنـى شوفتـك يانظرهـا",0
@Eyaaaad بيقراها كل المدينه وهو مقفي,0
"صلاة العيد 5:57 صباحاً

احسه تضييق بدون داع 
اللي اعرفه انه السّنة تاخير صلاة عيد الفطر ليتم دفع زكاة الفطر 

طييب على الاقل خلوها 6:00 ص 😅",0
شكرا مهدي كفيت ووفيت .. خلك على عنادك .. انته مش رجل المرحلة,0
@1Hhouss3 واليد المحرشفة اللي جنبها جاهزه للمخمس (الكف) (الطراق) 😂👌,0
@tmeem_almjd كلام هذا الطبيب غير صحيح مريض الفشل الكلوي ما تشتغل عنده الكلى يعني مب بس ما يصرف بول الله يعزكم بعد تزيد في دمه المعادن و الفيتامينات لان الكلى ما تشتغل فتتحول هذي المعادن الى سموم فلازم يسوي غسيل كلى والا چان المستشفيات سكرت,0
@yazstj انا مثلك ... للحين ما كلمتها 💔,0
"@KaledQ834 حيوانات ادارتنا
لاعب وسط ممتاز متمشكل مع مدريد ع 16 مليون جيبوووه
مخلينه وطايرين ورا فيراتي",0
@_alkalemat صصح السسانك يابوفيصل ويستاهل ابومصعب وعسى الله يرده سالم غانم💐,0
@eye211231 امين يا رب ويبعد الحساد,0
@husssain666 اجر عظيم بس ملل 😂😂😂,0
"بسك من الروحات لا تكدر قليبي 
شاغبني فيك الليل والشعر والنجمات
بسك من الروحات",0
"@ase50800 والله انشبة ههههههههههههههههههههه فلوسك
عند راعي الترفية انا مسلفة مليار",0
"ياحلو صباحك اميرنا الغالي جعل ماتخلا قطر منك ولا من هالصباح  اسعدت شعبك بشوفتك 
 #أمير_قطر https://t.co/vgUnNmieuU",0
@ahmed_alm3mari هذا حول مب حور بو شهاب,0
@Halafmradio صباحكم احلا وطن....فنظري الفضفضة غير عن الاسرار الفضفضة ممكن شي بسيط مضايقنك وتحتاج تتككلم فيه اما الاسرار صعب تودعها عند اي حد خصوصا هالزمن,0
@ABD @MUUI8_ @7Alsabe انا من الناس اللي اتصلو علي وفرحت جدا بذلك ورحت لهم وللأسف يضحكون على المواطن باإختصار   الخلاصه.. حلم يطول ولن يتحقق بهذا الطمع,0
"@SASUFAYAN @kalthani الخبر قديم وكذب والدليل مكتوب كاس القارات وهذا دليل انك حمار 
شمر اخلاق وتربية مع المتربي 
بس الحمير الي مثلك مالهم الا كذا",0
@saoud_k_althani انتي وين هايته يالچلبة ؟,0
"@mohdalsuwaidi7 مسكين هذا ممسوك ومشبك عليه هدوه هده وهدكم بطنكم يا آل ضروط الله لايبقي واحد منكم عساكم في ذا الحال وأردى 
ولين قلنا حيوانات الحيوانات تزعل",0
"@Eays44 حيا بام الصبيان ما مسهرك للان
المطبخ مراعي لش يا ديه",0
@BedoorMearaj نفس تفكيري بالضبط..يارب يبلغنا بفرحه وطنيه يكون الكل طيب خاطره.. والاهم ما نستثني منها احد ولاحد.. ولاولا احد ..الفرح حلاته جماعي❤️,0
@HaithamAlQasimi هالشيء عندنا في عيمان كذلك في احد شوارع الامارة من سنتين بدون إنارة,0
"غلطة سراي والهلال

ارسلوا عقد مبدئي في نظام TMS
قبل انتهاء فترة التسجيل

ولا يدرون هل قبل النظام انتقاله او لا

ألحين مسيري غلطة سراي 
صاروا في حيره 

مايدرون الاعب باقي مسجل لهم ولا انتقل

ارسلوا خطاب للفيفا للأستفسار
وينتظرون الرد https://t.co/UDQYCWx39e",0
@wa7dawi_ad تحفيز وانت تتكلم على اساس انك مدرب ومثل هاي الامور تخلي اللعب مايفكر الى بنفسه,0
"الوضع ما يطمن ترى
صايره احس بضغوطات 
و أحس الوقت يداهمني
وفي الواقع انا فاضيه ومنسدحه أصلاً 😂",0
#خديجه_بن_قنه_تتطاول_علي_الفيصل ياجماعه لاتكبرون الموضوع هذي موظفه براتب صغير,0
"قلبي بيت مغلق بس لليوافون

وخذت رخصه لحضرتك وطببيتك

على درب الشمس طلعتك وياي

وعلى درب الظلام شقد لقيتك",0
@salmanoh1 نفس ما توقعت لكن بالمقلوب 🤣,0
اكيد رقم صعب من غير شك https://t.co/0f4AJBpbXH,0
@khalilkk1 أي موهبة بدون موسيقى ماعتقد تقبل أو تشجع,0
@saalmanahmeed كان عندي قطه بس سكت ما قلتها 🙂❤️,0
"@JAljamry @Zaaherrr 
استاذنا شكلك ذايق المر 😂😂😂",0
"أخلاقك نفس جوتيك الوصخ فالصورة 

@khalilalbalush1 https://t.co/2R4ynanE23",0
@cnnarabic رد الخارجية هو مختصر معنى كلمة الوقاحة والبجاحة,0
"@al3eemeya يمه  فدوة لو تشوفين إيديات حفيدي وهو يسويها ودچ تاكلينه
😍❤️",0
"من زعلك في عيونك السود نظرة 
لاشفتها حسيت بالحزن والياس
من زعلك طاحت من الليل قمرة
خلا الطريق من المواعيد والناس
حبيبتي أرجوك في القلب حسرة 
كافي زعل أشغلت الفكر هوجاس ،،،،

#بدر_بن_عبد_المحسن",0
@ksh5a118 @AlArabiya_Brk للأسف بعض الناس كالكلاب إن تحمل عليهم يلهثون أو تركتهم يلهثون 😅,0
@majedalraeesi1 بيدورون وبيعيزون وبيطلعون لك بشي ثاني 😎,0
@AJABreaking @Khalid_Alkuwari انا عندي حلاق وحاط فيه كاميرات,0
"@o2022__1mar بكره نغير الموضوع وانت روح نام ولما تصبح فكر لنا بموضوع ثاني ندردش فيه ياعمر 
والله يازينك ويازين نقاشك للأمانة ماشفت منك لاسب ولاشتم 👍",0
@bogaili ياكيف ؟؟؟ القلب لاصار اخضر يلاحي الهبايب ،، يجوز دامه خضر,0
@qatar_999qtr @AlthaniSuhaim هو هذا يظحك والا يبكي والا شسالفته 😂 الحين ماعرفنا له هل نتعاطف معاه والا ونبكي والا نظحك,0
@sonomodoko @AJABreaking أشرف وأبرك منكم نفس  مهلكة الشبوك  تحميها دول لانها مب كفو المواجهة قال أيش العظمى🤣🤣😂,0
@KHamms @ansaaar15 @sa_alzahrani1 @khalifa7909 @hamedalhashmiii @AlArabiya_Brk هذا الفيديو صار له شهور ويخص مشروع اعمار غزه اللي تبنته قطر .. يااااا....,0
@FatiimaAbbas هلا اخوي 💅🏻 ممكن الليسن و الملكية اذا تقدر ، اذا بعيد عليك بس عادي مومشكلة,0
للاسف لا مش معذور لو بعذره يفترض اعذر مفتي سوريا ... تغيرت المفاهيم وتبينت الحقيقه وحسبنا الله ونعم الوكيل   #العريفي_معذور,0
@OoredooCare @HADOI_ مو من حقكم ترفعون السعر علينا ... السالفة مو لعبة بمسج والله رفعنا السعر !! الاتفاق معاكم على سعر تروحون وتغيرونه ...,0
@manarzowayed غصبًا عنا نكسر الخاطر ع هالاسبوعين😢🤣,0
توتير وقت المدارس أحلى🤭,0
@PSS_KSA هيه والله يبا يخوفنة في شريفة الي بليه شرف يضحك ع نفسة قسم بالله عندنا شباب يحبون الموت في سبيل الله مثل ماهم يحبون الحياة,0
"@Kuwaity__7r لاحول ولاقوة إلا بالله  
الله يحفظ الكويت وحكامها وشعبها 
ايش صاير فيها ؟؟؟؟؟",0
"بنات جماعتي طلع ابداعهن 😕♥️
كلكم تابعوهن يستاهلن والله 👏🏻👏🏻 https://t.co/S879uediYM",0
"@nalsoufi @hudhudalnser انت.عبيط والا بتستعبط؟
والا بتنافق على شان انك انت وسيدك 
طارق عندهم

ولعلمك المقاومة 
الحنوبيية اشرف وانبل وانزه
واصدق منكم انتم 
وشلة الأخوان
من يوم حكمتم اليمن مع الأخوان
ماشفنا منكم خير الله يزيلكم
ياارذل البشر",0
عيب انا كبر اختك العوده او امك ،، هاللفظ ماينقال لي حتي لو غشمره ،، ياليت تمسح التغريده https://t.co/N9uBiTEaRZ,0
"كفو والله يا العذبة👍🏽
كلنا بشر وكلنا بنغلط والإنسان السوي هو اللي بيتراجع عن غلطه! https://t.co/4EGJ2HNL18",0
@506MBS معمول به من فترة .. ولكن الاغلب مافهمه,0
مريضه اروح المشفى الدكتور يقولي ما فيج شي ما يحتاج اعطيج دوا 😫💔 والبلاعيم شو اسوي فيها 😓,0
@Nm_ALshamisi ويسحبون جناسي اللي اتجنسوا من عمان وترجع تسكن واسط وله السنينه,0
"@Fzsyat ديبالا 😞
مو مقتنع فيه

اصلا حراك تفرط ب ايكاردي",0
@kamado111 شو شفت بعد يا بواحمد 🤦🏻‍♀️ غرد,0
انزين !!! #ملتقى_الشباب_العماني,0
@alalawioo صاني اقولش رايح أخابرهم حموه بعد انتي نوبه,0
"@Alhaarbill مش كإنه ظلمتي محمد بن سلمان بهالمقارنه 😥
الله يعز بن سلمان بس💜",0
@nasser19999 السركال شكله بيطلب لجوء سياسي,0
@lawyer__Mariam كل واحد ع هواه ماشي ويفتي,0
@O07_7 @ai7_1 آميييييييييين ولدي معلومة ودي اسدحها من جاب الحوثي هو الحوميري وهم من سنة قبل جدي والله اعلم .,0
"تلبس عدسات 
عشان تغير لون عيونها يوميًا
ماتبيها تغيرك انت وراسك المربع...
😂😂😂",0
من يوقف طوفان برشلونه,0
طبعا عادي الكل ينتقد التشكيله حتى بو ما جاله شاف مباراة فدورينا. https://t.co/j6B7c6x9Sh,0
محد ملزوم يروح صلالة بعد زين تخفوا الزحمة ويقل الايجار ☺️,0
"@Hamad10894909 @nooq8 منو قرر انه الهاشتاق حق الضحك بس؟
ومنو قرر انه مايضحك الي مكتوب؟
وبكيف منو هذي اساءه حق رموز الدوله؟
بعض الشهب فيهم عنصريه وهذي لهم لانه العنصريه والطائفيه بالبعض ماتجتمع مع الانسانيه",0
"#بلاغ_الى_الفريق_سلطان_النعماني
آه على البﻵد اللي تنآم موآطن.. وتصبح ما معك جنسية !!",0
@bomeshari17 صح هههههه  كان يناديهم بأرقامهم,0
@MahraProud @el3azy22 @marwan54531449 @alzaabi6060 @Bo_nhyan_ ليش لا للمسانده،حريه شخصيه ما اختلف فيها معاج،ولكن ليس لاجتهادج العملي الشخصي هفوات،ارى ان الاداره تعمل وتجتهد وكل اللي بإدارة الوحده وحداويين وليسوا بدخلاء عالنادي،اللاعبين خذلوا النادي بتدني المستوى سبب مهم في اللي صاير،وهبوط المستوى اصلا عام ع كل الانديه والدليل المنتخب الاول,0
@boazoooz55 حنا يالكويتين مالنا شغل بقطر عيال زايد ليش ماحضرو ليش ماحترمتو العود وقدرتو علي كبر سنه,0
@KhalafAlHabtoor غصب عن خشمك وخشم شيوخك طريت اسم قطر يا حبتور بو الخمور,0
@darra82 تمام👌🏼 نسوي لنا جدول .. يوم الجمعة نخطط له,0
@al_Ma6l3i @alainfcae الله يعدي هالفلسفه على خيرر !,0
@il0ve_q8 الحين مدير ماتقابله الا بواسطه ويكلمك من خشمه وتاليها تمشي معاملتك من بص حضرتك والمدير يوقع .,0
"الكويتي من القروض اللي عليه يطلب تمديد الى سن ال ٦٥ علشان يتقاعد.... اشلون الاسرع بالعالم!!

الاسرع تقاعدا طل https://t.co/ixJBr36xKJ",0
@N_AlJoof + اوريدو نفس الشي تقدر تاخذ الباقات الشهرية والانترنت بنص السعر اذا انت تحت ال٢٦ بس للاسف الاغلب ما يدرون 🙂,0
@penq8i والله شيبوب كنت بكتب لزوم نبلغ الشيخ بس صرت اخاف من اليوكن  😂😂😂😂😂,0
لا وتقرا اسمه علبو بتدق على احد يعرفه 😂 https://t.co/9Q3wvdOIhU,0
@majedalraeesi1 يالله حسن الخاتمه يتراوالي هضموا غدا خمس ايام ورااا 😂😂😂,0
@Lb2nouztd5bnq62 @in_zx كلمتني والله يامرزوق خوي يوم قالت : الو وانا ازين جلستي يوم قالت بنت الملك وانا اوقف وقول في نفسي ( والله ولعبت معك الدنيا يامطفي بنت ملك وصوتها زين) شوي يوم قامت تمحطر والله مدري وش قالت بس فهمت تبي الفين قلتلها انتي مزيونة ولا شينة سكرت في وجهي,0
@alsafir_1M نعم مرضى السرطان يعاملونهم لجنة الجحوش عالانتظار ولازم واسطه ويموت المريض بسبب اجراءاتهم المعفنه واذا شخصية ومقتدره تسفر ثاني يوم اذا مو بنفس اليوم هذا اللي حاصل والتلاعب ومعاملة المواطنين باسوأ معاملة وكل المسؤولين يعلمون ولكن قلوبهم ميته,0
@iaaa5587 @AlthaniSuhaim هههههه عاد انه رامبو ناط من السياره خيبه,0
"@AlmukhainiSkr 😂😂😂
عليك سوالف يا بو محمد😅",0
انزين الحريم اغشم منا  ليش تمسك التلفون ! الا اذا وحده بدرس اعيالها هي ماسكه الخط معذوره,0
عندي فكره. ونوفر الملايين من شراء البصمه. وسهله وهي كل مسؤل بوزارته يجي قبل الموظفين وب مكتبه يصور بالنقال كل موظفيه https://t.co/NJ8mLmzAkw,0
@Dhahi_Khalfan ما بقى عندك شيء تقوله !!! مالت عليكم وعلى تحالف ابليس فوقكم .,0
"سوء تخطيط وإدارة حتي الانضباط عند اللاعبين مو موجود ⁦🇦🇪⁩⁦🇦🇪⁩⁦🇦🇪⁩
قهر والله  
شوفوا الفيديو https://t.co/eXjE3pbMBl",0
@majedalraeesi1 @Bassem261 يعني الان شاغلكم تميم ليش هرب وانتم تقولون مشكلته صغيرة جدا جدا جدا طيب ليش جهال زايد ما حضروا والسيسي سوي لنفسه حركات قال ما بيحضر ورجع حضر ليش كل هذه التناقضات يعني احد يفسر لنا,0
@Maram69638487 @AlkhaleejOnline بس السودانيين ماتوا عندنا ارسلوا غيرهم عشان يموتوا عندنا,0
"ابوي ينادي ولدي بسمي عند ربعه
يقول انت انت انت ولد بدور تعال
يارخل
وانا بلغت امي وامي قالت ناركم تاكل حطبكم انقلعو عن سماي",0
@Nas_The_Don @salama12__ @sk_alshamari @abqatar ههههههه  غصب عن خشكم احسن ناس والدليل داعسين خشمك وحاشرينك بديرتك عقب ماكنت تجي للاحساء تشتري وتاخذ مقاضي برخيص,0
"ﻻ التقيناا كنہ من الوصل شابع وان نشدتہ من علومہ قال مدري يلتھي مني ب طقات الاصابع مادرى ان كنہ يطق ضلوع صدري .
5C292DCB",0
صباح الجو الخريفي الروعة ، رذاذ جميل في المدينة وجو أوروبي 😍 اللي ما جاي يجي 👏,0
@janat2018 هذا الكلام لمن يتفلسف ع الملازم  عفوا منك جنات,0
"#شعب_المملكه_ينبذ_الليبراليه
لنا عبره في الدول المحيطه بنا اللي انجرفت خلف دعوات  #الليبرالية  وين التطور فيها مثال مصر اول القرن الماضي 😊",0
@Baba_3o0oD  بالصوره بس اشوف ماك الي حلو,0
@A_11_A_16 @saidabdullah9 بعدهم ياخذوا مواقف المعاقين في سيتي سنتر مسقط يتكرر الموقف هذا كثير,0
"@60337788 @exorans @walaa3210 @khota82 @nouravx_ افزع لك وين يرحم امك 😭😭💔
جاتني كتمه من الي تفكر فيه 😭😭😭💔
انت منجدك امانه والا تمزح 😭",0
"الاخضر فاز واتاهل والفرحة عمت
والكلام ذي سابق عهده صار ببلاش..
بس الفرحة الجابت الناس ما جابك.. يا اخ دق كول مي وانا برجع ليك..
يبتاع الملح",3
شرفت فوق النايفه .. ما حركوا فيني مثقال,0
@qatarheat @Halawala @dohanews سلامتك انا اكلمك من واقع عشته وجفته بعيني غانم بن سلطان الهديفي بيض الله وجهه هو اللي مأجرها وعلى فكرة موعد الرحلة كان12الظهر واخرونا لين6,0
@_MEEM_m انقرضو الي بس يشوفونهم بس ليلة العرس؟؟ هذي متهاوشه مع الخياط 😂,0
"مش رجولة منك
أبدآ إنك تخلي مرتك كل يوم قلقانة إنك تتزوج عليها ..! 
ياخي تزوج وطمنها   ..!! 
#فاعل_خير #الدين_النصيحة م",0
"عندنا مثل يقول 

( يا خابه يا باركه )
،
أو التصريح عبارة عن إستغفال الجمهور https://t.co/hHGU8b5HqL",0
@o_alshamsi سلامات بو حمدان ما تشوف شر,0
@man_2019_ من وين جايبتهم؟؟ جيبي لي حرف الراء,0
"@ixi8_ @TurkeyCelebs ما اتابع هذا المسلسل 
لكن اللي قصدته كان مسلسل السلطان عبدالحميد بدور السلطان مراد",0
@Maria_Dashtiya @aziz_alkhashti اي لأنه كرر غلطته لما راح غلطة سري ما تعلم من غلطته،، انا متأكد ان يتله عروض زينه بس اتوقع الاسباب مادية بحته,0
اي غلط عندي يهون الا اللي يحل عن العشره مردوفه بقطعه,0
"#ازمهمبتعثين_عمانيين
وبعدين اللي يقول ناس مالهم خص بالموضوع 
تراه الموضوع يخص الجميع",0
"لاصرت مستانس وعايش حياتك
فلا عليك من العرب وش يقولون !

إكسب رضا والديك وإحفظ صلاتك
مالك ومال الناس صاحي ومجنون!!",0
@saalmanahmeed ايي والله يعني طالعه فيها اقرا تركي 🙂💔,0
"@NapoliNews_AR @HusseinY22 يوفي ونابولي 
مازالو الاقوي

انتر جايهم شهرين صعبين هني يبين معدن وقوه الفريق
الانتر للحين ما اثبت انه منافس",0
انا والله خايفه من اني اذا كبرت اصير من هالشياب الي يعيدون ويزيدون في قصص امجادهم وبطولاتهم..,0
@mbk_1992 @Y4Sv83 حلوه حلاقة  ام الربيان,0
الجو الجميل وصل 🌹 .. يبيله طلعة بحر https://t.co/ekL7TTLo3g,0
"إنحذف منكم عريبين الخوالي
     وتجدعون  معرب الجدين منا

.

ياطيبكم ياعتيبة وياكثر غلاكم",0
@abdulkarimHD المريسل قصده زي عيال اخوي الصغار اذا اشترو لعبه غاليه لعيالي  ابوي معه فلوس انتم ماعندكم فلوس زينا,0
"@Dhahi_Khalfan أتصل حق حريه ، 
وأكيد تعرف رقمه 
هو بيقوم بالواجب وياك ،،
وراح تنام وأنت مرتاح أوي أوي ،،،",0
@al_7en @kamado111 @HamadShanab كنت ناوي أودي اليهال الألعاب و أطبخ اليوم.. خلاص هونت,0
"@ZahraHassan3
 اعوووووذ بالله 
وسموه رجيم نسبه للشيطان الرجيم..
فتعوذي منه وتعالي نتريق..
😂😂😂😉😉😉 https://t.co/IcxOUY7EkZ",0
@Kuwait_okk عادي متعود على الطراره وجهه مغسول بمرقه,0
@hfc_x6 طبعاً هذا على طول من المعارض للملعب,0
@unlimappsplus المفروض يخلون من النظام بس يسمحون لك بمنتج واحد، موب يلغون بعد ما تدفع,0
@Kashtah_M @alklmhbob82 الله ينصرهم يارب  ويحقق النصر لاخواننا في كل مكان يارب,0
@qaboosia_om ويسعد صباحك ي ذوووق🌺,0
@SRashidSH واحد جاي اثر رجعي,0
"من ناحية تجربة, الأداء في سيليو أفضل من السيديا بشكل كبير, بس باقي شوية مشاكل لو يحلونها راح يكون شي حلو منها على سبيل المثال case sensitive https://t.co/m5Y0cWSXJr",0
@azizhadlaq2010 صيح الين تشبع يامهرج الجزيرة😂 https://t.co/kBCtWLyUSc,0
"@3nazxe @nowaf_alhendal لا يالوايلي متزوجة بدوي حاله حالك بس ماعنده جنسيه كويتية
وبنات عمك كثير منهم متزوجات غير كويتيين
خل عنك شغل الاطفال",0
"انا معك بالدروب الا دروب الوداع
لا تذوق النفس شيٍ مابعد ذاقته .",0
@a_lz3eema @Dhahi_Khalfan مليون بيت يعني لكل فرد بيتين ههههههه,0
@bent1967 مساء السعاده والخير اسفه جدا على الرد المتأخر لان تونى اشوف ، بإذن الله راح يوصل الرد اللي يبرد چبودكم جريب جدا وبالتلفزيون بس ان شاء للله ما يقطعونه,0
@2007joanna @italotibi @just_248 @kabalkhail22 @MLSD_SA دراسه الطب في سوريا بالعربي 😎,0
"@NNNALTOWAIJRI 😀 يخوك أظن ان هالهوامير منقلبة روسها , 
يمكن دشت الجون و أكلت من القصيع المعفن 😃",0
@al_Ma6l3i @5aldinho بس لا تنسى باقي لنا اجنبي رابع ،، يعني اذا تلعب بالثلاثي لازم تستغني عن واحد من الاجانب !,0
"@Hajii_Ahmed 
ماهي مثل قلوب هالناس اللي تتعرض لك وتسيئ للكويت والكويتيين بطائفيتها النجسه وألفاظهم المنحطه.
لأنهم ما تربو على الطيب.2⃣",0
"#اعطونا_مشهور_يستحق_المتابعه
حد سأل  عني🤔🤔🤔",0
#الكويت يقولون لي يا سيد كيف يغشوا بمشاريع البنيه التحتيه اقول لهم من فوق هالله هالله ومن تحت يعلم الله يقولون ما فهمنا قلت لهم شوفوا الفيديو اللي تحت هذا وضعنا التعيس والله صرنا نضحك ونبكي https://t.co/XTX2HIIgUB,0
@mohd_almarzooqi @alsuwaidi_ae @Dha3en @Faisalkhamis @AwadAldarmaki أتمنى تقصد في البناء مب التعدد اللي تتريا نتيجته,0
"الله من حب مهيوف الخصر يا عنـاي
خبرو مظنون عيني زينـه برى حالــي
هوجاســي و الشــوق جابــو منتهــاي
غيــرتي نـار و الصبـر فـوق احتمالــي
#عبدالعزيز_الرويحي",0
@rwgan20100 @MallokySS @Fawaz2world @k0566566 @Samarahmad_ @rico4_ ماخذ مقلب الاخ .. حسستني انهم خوالك من كثر ماتدافع عن سياحتهم,0
@MahraProud كملوا اللعبه يالربع،حللوها من دون تحيز و عواطف,0
"@krimo_sr4 
هذا عصير عنب 🍇🍇
 #لو_المغردين_عصير",4
@bof9laa ربي يوفقك منها للأعلى,0
@AshwaqAlAli75 هذي امنيتي مالت راس السنه,0
@zyt0nh_ لبن البقر يوم يكون مسخون ما ينشبع منه البر 😌👌,0
@EisaAldahes94 وانت طيب يابو داحس,0
@khalilALDarwish @M_A_ALMULLA الملا انت قلت صباحك عسل وخليل يقول صباحكم لبنة... ناقصنه خـبـز بس... وناكل الريـّــوق ☺,0
"اليوم شفنا الروح اللي فقدناها والقتاليه اليوم شفنا الجمهور الراقي
ان شاء الله راجعين للقمه 
وياسلامي عليكم يالسعوديه

 #السعوديه_استراليا",0
شلون المدارس الحين يدامون ولا لا ؟؟؟,0
"قلكم
واحده كاتبه على صفحتها في الفيس بوك انها مستعده تتزوج اول موظف يستلم راتبه
هههههههههههههههههههههههههههههه🤣🤣🤣🤣",0
"كل المدربين يعطون مهاجمينهم ثقة الا الطنق فنغر .. بدال لا يخلي لاكازيت يفك نحسة يروح يسحبة وباقي ٢٠ دقيقة على النهاية!

مجامله غبية لـ جيرو",0
@almula76 ماشاءالله الاخ بويوسف صديق وعزيز، مدرب معتمد وخبير في التغذية واللي حاول ينزل وزنه وماقدر عنده الحل السهل والفعال 🤙,0
@alkaoh هذي الناس الطيبه والكرم ماهو بس كلام الكرم عنوان,0
@7anoooony الله يحفظها ويوفقها للأعلى 🇰🇼👏🏼🇰🇼,0
"@love_uae121 @alketbia71 
هههههه بس لا تطلع القايله 😂😂",0
@_zico9 تافهين و زين كلتوا تبن امس,0
اللهم حوالينا لا علينا... https://t.co/rqZsuE8Asb,0
"@mesfer_naser 

يتبع 

ولاكن لازم تحلون المشكله لو تحولونهم لشركة ثانيه  

وانا من الناس هقوتي فيكم طيبه واعرف بعضكم معرفه تامه ونعم الرجال",0
م ككان قصدي اعشقه بس ، نظرﮬہ عيونہ ي ناس اجبرتني .. ♡ #123,0
اللي عنده آل رأفت💘 https://t.co/VDxBQOfVtL,0
@AbuBumshell اي البصرة ،، اكيد الحين تغيرت عن اول 😂,0
@plb0OL7VPNRSAIj انت شفيك حمدالله والشكر صج حديثي نعمه الحمدالله احنا جايفين خير مب مثلكم شغلنا الشاغل بس الفلوس 💁🏻,0
@salmanaljabry7 اي !!! انك تقعد معاي,0
@mohamad_alazab @uSeR_22 بو لورا مانستغني عن توصياتك علينا والكرنيشن ألماني اشوه مو دنماركي ولا ايراني 😁,0
الله يدمرك على هالريحه 💔😷,0
"بخوره تدرين اني اي كثر احبش 😂😂😂❤️❤️

كل شي حولي يذكرني بشي 😎❤️ https://t.co/SQT4zAGjpt",0
@lama7304 @DrJamalAssiri تلعن جد من ياروح أمك أحنا سفلنا فيكم اخر تسفيل بكل الجهات سياسيا اقتصاديا إعلاميا انتوا أقوى شي عندكم الهاشتاقات واحنا اطلقنا قمر صناعي سهيل ٢ للفضاء لابوكم لأبو من قارنكم فينا شوية جرابيع وضبان مسويين ازعاج,0
@Flan_Bahrain شكلها مو سريعة وهذا أهم شي، يستهويني هالنوع من الألعاب عدل,0
"@HessaQue @GalbyLl بترد حليمة لعادتها القديمه
عاد نحن تخصص في هالأمور👌🤦🏼‍♂️",0
"“@Ahmadanov: @Alshiraze وانت متوقع ومصدق كلام انها جاهزه من زمان” 

وتعودنا من حكومتنا أن
(نتوقع الغير متوقع)",0
"كيف تطلع بصور جميلة
https://t.co/Px3kpbmGqT
للمصورين",0
@musab_shamsah شفت شلون طول عمري جارك من المتوسط 😜,0
".

ما كنت قبلك فاقد ب دنيتي شي
حتى الغلا عندي ل هالناس ، عادي

واليوم عندي .. كنك الدار و الحي
لامن فقدتك ضاق صدري و احاتي",0
@Alanooding لين كبر شنو بيصير اسمه ؟ الله يعينهم على هالسخافة,0
"مالك  عليه  يا الغلا  حلف  ويمين 
ليا  نواني البرد  و اشتد  الشتا 

سريت اخايل ضمتك وسط الحنين
اقول يازين الدفا يقولي كيف ومتا

 #ايش_يدفيك",0
"شفت شلون الديره ماشيه 
اطلع بلقاء تلفزيون 
سو نفس فاهم وصايد البطاطه
قط قطه علبو خانك التعبير
.
مبروك صرت مشهور 
بلش دعايات 😂",0
"@ALHILAL1_FR يافهد  عارفين انه مرفوض 

يعني بالعقل انت تشكي نادي يديره تركي الشيخ تبغى تاخذ حقك !!!!

لكن الله يعوضنا بخير منها",0
"شكيت همي للبحر 

قال لي انت كم مرة تعيد نفس السالفة😂😂😂",0
😱 شبابنا طلعو رومانسيين ،، ما اصدق  #محمد_النمران,0
"@2lfarsi @abuwallh @kholoodalyasi حبيب الفارسي

موضوعي متى ناوي تخلصه ههههه",0
"انا من الي تأثر فيهم الذكريات، 
ارحمني وخب دمعتك اليا ذرفت
ولا تلتفت لي وانت مقفي، خل لي الالتفات 
اخاف لاتلتفت وتشوفني ملتفت.. https://t.co/QsuVGV6VFV",0
مش حاطتهم ببالي من الاساس https://t.co/HmYcH0ANuG,0
@alsuwaidi_ae من وين هالتصامين بو سلطان,0
@habebGood الموضوع قديم وتم حل المشكلة مع الشركة واستبدال الخزان,0
@S_M_A_AlFaisal خلها عندك الين بكرة ان شاء الله 😍💙💙😍,0
@sus_c1 اولا ماكان سعودي . وثانيا انت جمعت الشعب كله وقلت همجي مب عيب عليك . صدق انك ما عندك سالفه وما بسبك لانك ما تستاهل حتى السبه . ومحشومين اهل عمان من امثالك,0
"رغم فرق العمر من جيلي لجيلك
آتحـرا وانـت تمـشي على هـونك

ماذبحني  غير  حر أنتظاري لك
يـاثـقـل دمـك على اللي يحــبونك

سعد بن جدلان",0
@marzoqi_w بو محمد للحين مع سالفة صبرنا 20سنة  مرة يزيدون ومرة ينقصون المشكلة يبين أن كلامهم كذب...,0
@tii998 رموش وعدسات وش دخل الجوال,0
@Almadina_Ask يعني هيا مفكره ماخذها لسواد عيوانها( بالمختصر),0
@mal_marri1 @tahayem75 @HHShkMohd وش دخل طهران لكن بو عقله مغسول م بيدك شيء تسويه عشان تعيد برمجته,0
@m1e77 شوف الدكتور...إن شاء الله شي بسيط يروح بالأدوية.. ما تشوف شر,0
"علي طاري الوفا ألي بحضنك شلونه ..!!

تصبحون علي خير 🌹🌺",0
@nadinenjeim فديت اللي الكل يحبها ❤️❤️ الله يزيدك محبة اكثر واكثر 😘😘😘,0
من كثر ماأحبك وصلت لحالة الإدمان!! إدمان صوتك وشوفك وطاريك.. العفو ماأحبك،،، أنا فيـــك هيمـــــــــــان!! يعني: أحبك.. وأعشقك.. وحيــــل أغليك..,0
@sulimanalmanah يسلمك ربي يا غالي,0
"يا وردتِي يا نِدِيَّهْ
روحي لِخِلِّيْ هَدِيَّهْ

والورد راسِم وِداديْ
راسم ودادي و ﷲ

يا نسمة الشوقِ هِلِّيْ
رِفِّي على رْموشِ خِلِّي

لِعيونه تَضْويْ الليالي
تضوي الليالي و ﷲ

لَيْمنْ سرَى ليل هَمِّي
عني و غفَى النجم يَمِّيْ

بَلِّغَهْ عاطر سلامي
عاطر سلامي و ﷲ

يعقوب السبيعي https://t.co/qCXilVcwJZ",0
@hamadlahdan @boghanem73 بنييكم من الدوحة بنسوي زحمة 😄,0
"متحمس لهالفلم اكثر من حماسي لفلم افينجرز 4 
الفلم القديم له كان رووووووووعه https://t.co/P7PjCIIDwj",0
@alarsky و المفروض دام لوكيشنك بالكويت وهذا يعني انك عايش هني يكون ولائك للكويت هذا اذا كنت كويتي اما اذا كنت مزدوج فماعليك شرها و اما اذا كنت سعودي فتفضل اطلع من الديره الي موعاجبتك وصاف ضدها يا تحشم حالك يا تفارج,0
"@ALANSARI_AHMD الله يعينهم على اعمارهم .. 
شفايدة الكلام من غير تطبيق 😑",0
"تتلخص الدنيا بــ حبك إيه وربك 
يلي ماغيرك ضروري ..",0
@mema_alhashmi اسم الله عليج ❤️ الله ييسر امورج 🌸,0
@MrRashed44 @ebrahimalmannai @kassimhussain1 @manamavoice1 قولوا للعرادي يشيل لبلوك عني ترى ماغلط عليه والله . بس سألته عن ملف السكلر لخني بلوك .,0
#عبدالله_العذبة  / مستشار تميم ابن موزه في فاصل كوميدي .... من زمان مضحكناش ... اضحكوا ، مليش بركة الا انتو ....🤣🤣🤣🤣 https://t.co/b9MKmopg0l,0
هذا الي نشوفه ياطويل العمر حتى في ابوظبي ودبي وفي مقرك عشان موضوعي رفضوا موعد عند المتسوق أسري وموضوعي حول ابوظبي مع انه الائحه صدرت من مقرك وانا اكتب لك ياطويل العمر والمراره بقلبي .. https://t.co/9wyvNkHm3o,0
@Msaed23Msaed231 @_hj511 @Almatrafi @realDonaldTrump ذبحتونا بهالاسلحة ابي اعرف وين هالأسلحة من الحوثي 🤔 ليه مخلينها في المخازن مثلا ليه ما قضيتوا  عليهم لين الحين بأسلحتكم الفتاكة 😒 احنا مانجوف الا تقتل أطفال وشيبان وناس مدنيين من أهل اليمن 😳 عساهم في رقابكم الى يوم الدين قولوا امين يقتصون منكم عند رب العالمين,0
"@zid101010 
بايخه قوي ياحسين زيد بن يحيى",0
@iZwaya لو فيه شخصية وله راي اليوم بيستقيل قبل باجر,0
@amansouraja اللي خلفهم حمايه ،وهم يصلون نافله  او تحية المسجد  ،وانت حمار,0
@SamiAlJaber تستاهل كل خير يابو عبدالله والله يوفقك,0
"بداية موفقة للكتكوت المدريدي ، رقم ٧ الجديد في مدريد ،ماريانو دياز  💙

هدف عالمي ماشاءالله ، وهدف روعه من بيل وهدف ممتع من ايسكو ، وكل واحد يقول الزود عندي الحمدلله 👍💙 https://t.co/04gGcUYys2",0
"منت الوحيد اللي فقدته من الناس. 
ياما فقدة امال واحلام واحباب.
 
من دونهم بدلت حبل الرجاء بياس
راحو ورحنا كننا اجناب وغراب.

#شعر #ابيات #قصيد #بوح #خاطرة",0
@mohd595 @Qatarx87 @abqatar انت بس استريح وفگ الناس منك ومن حقيقتك 😂,0
"@Michele4u القزاز شوي يخلص بجغمتين 😌
خوذي قوطي ولا بلاستك اكثر لك 😁",0
​درَب ﺎﻟخطأ ، م ﻓيہُ أﺣدَ عنه ﻣ̉ﻌ̵̵صوُم     ﺎﻟگامل الله .. مآبہَ #ﺈﻧسان كاﻣ̉ل ♥,0
@hamad87541 @Bdo0r @nasser19999 هههههه خلاص كسرتوا خاطري بطرش لكم حلوى ومتاي حتى لو تهريب وعليا عليكم 😩💔 https://t.co/8cSunC4j8c,0
"@MisskUAE ما ادري

ما عندها كبت تحط فلوسها عندها وتفكنا من التنبيش ؟ 
واخر شي مب لنا للحرمة ؟

أسميني تعبت وكم مره طحت وانا ارقى ع رفوف الكبت انبش😌🤣

الله يرحم امي وامهات المسلمين🌷",0
الذيب ياي بو أنياب ياي👹 https://t.co/Q9E2Le3oZZ,0
@royal_muharraq @Muharraq_Fans بطل عيونك واقرأ مو بس تخربط https://t.co/8va43VVtZX,0
@osama_ae الله يزيدك من نعمه :) ، بس لا تعور قلبنا بموضوع الاجازات لوول,0
"ما شاء الله الميانة طايحة 
هلا الشيخ ، وصبروا علينا، ووثقوا فينا، وما نبي قوات درع الجزيرة، كان باقي يوقف معاهم بدوار النفيش وتكتمل المؤامرة https://t.co/stOh2DIwYK",0
"@waleedalibu50 
اشوفك حريص على اموال الداعمه الوفيه ..
ههههه..
يستاهل العالمي .. لكن الملكي قده وبياخذ الكأس ان شاءالله .",0
"شنو ""عاد عيدج"" ؟ شيردون عليها ذي بعد؟",0
@LAlTamimi إلا بيروح الجنّة لأن اكتشف هالشي اللذيذ اللي يعدّل النفسية 😍,0
"ابي اشوفك وامتلي 
  ​    فيك ؤاحضنك
      وانسىّ حياتي بين :  
  ​    لمسه يدينك !",0
@shamsi_16m2 الله عليك ياسعيد ابداع🌷,0
@kurbaag يمتنع عن اكل المفاطيح 3 شهور والحلويات 6 شهور  ويترك القهوة العربية نهائي هذا يسمونه ياكرباج باشا  اعدام غذائي,0
"وايد الحمدلله،خوفونا منهم لكن دخلنا شفناهم حريصين ومهتمين فيها 
ان كان ولا بد د. سامي المناعي عربي٢ بس تقاعد
 #افضل_دكتور_درسك_في_جامعه_قطر",0
"@R0o08 ي رجل وش انت خاف ربك 😕
الدولة لازم تستغل هالموهبه الكبيرة !!",0
@iManji92 محمد يسحب على ربعه يوم يتجمعو للعب الكرة..ويعطيهم طاف كل مرة,0
"@Mrbrary ليه تقول شلة الامارات بل لازم تقول
مرتزقة الامارات وهذا الخروف الخرفان
مايقدح من راسه فتش ع معازيبه",0
"@bof9laa 
ذكرتني بالوالد كان يقول نارج يا حكومتي ولا جنة صدام نعم احنا من حافظ على وجودها ولي يقول مؤتمر جده هذا واهم 

وجازونا نكران",0
@najat_33 شر مايجيك خيتي يسلموا 🍉🌹👌🌹🍉,0
@JOREEHSROOR تستاهل ماحد قال لها تأمن لرجال هذيلا ما يملي عينهم الا التراب 😂😂😂😂😂,0
"بعض الوجع مايخليك تِبكي,بس يحولِك لشخص هاديء ماله حّس.",0
ياشين السرج على البقر https://t.co/XsXj7AWmXi,0
