method,dataset,n_way,k_shot,seed,accuracy,ci95
cb,amgadhasan_5,5,1,42,0.2004,0.0004
cb,amgadhasan_5,5,5,42,0.2019,0.0066
cb,nadi_18,5,1,42,0.1986,0.0038
cb,nadi_18,5,5,42,0.2014,0.0060
cb,nadi_5,5,1,42,0.1988,0.0034
cb,nadi_5,5,5,42,0.1983,0.0057
finetune,amgadhasan_5,5,1,42,0.2018,0.0034
finetune,amgadhasan_5,5,5,42,0.1923,0.0062
finetune,nadi_18,5,1,42,0.1983,0.0059
finetune,nadi_18,5,5,42,0.2007,0.0050
finetune,nadi_5,5,1,42,0.1990,0.0049
finetune,nadi_5,5,5,42,0.1955,0.0074
focal,amgadhasan_5,5,1,42,0.2003,0.0030
focal,amgadhasan_5,5,5,42,0.1889,0.0087
focal,nadi_18,5,1,42,0.1998,0.0055
focal,nadi_18,5,5,42,0.2061,0.0075
focal,nadi_5,5,1,42,0.2065,0.0062
focal,nadi_5,5,5,42,0.2006,0.0053
maml,amgadhasan_5,5,1,42,0.2022,0.0075
maml,amgadhasan_5,5,5,42,0.1947,0.0087
maml,nadi_18,5,1,42,0.2000,0.0000
maml,nadi_18,5,5,42,0.2000,0.0000
maml,nadi_5,5,1,42,0.1983,0.0064
maml,nadi_5,5,5,42,0.1967,0.0061
matchingnet,amgadhasan_5,5,1,42,0.5793,0.0159
matchingnet,amgadhasan_5,5,5,42,0.7345,0.0074
matchingnet,nadi_18,5,1,42,0.3907,0.0159
matchingnet,nadi_18,5,5,42,0.4613,0.0130
matchingnet,nadi_5,5,1,42,0.4701,0.0188
matchingnet,nadi_5,5,5,42,0.6299,0.0093
protonet,amgadhasan_5,3,1,42,0.6748,0.0235
protonet,amgadhasan_5,3,5,42,0.8158,0.0090
protonet,amgadhasan_5,5,1,42,0.5759,0.0173
protonet,amgadhasan_5,5,5,42,0.7639,0.0064
protonet,nadi_18,10,1,42,0.2751,0.0092
protonet,nadi_18,10,5,42,0.4369,0.0081
protonet,nadi_18,3,1,42,0.5399,0.0200
protonet,nadi_18,3,5,42,0.6444,0.0159
protonet,nadi_18,5,1,42,0.3875,0.0160
protonet,nadi_18,5,5,42,0.5401,0.0121
protonet,nadi_5,3,1,42,0.5969,0.0216
protonet,nadi_5,3,5,42,0.7477,0.0103
protonet,nadi_5,5,1,42,0.5011,0.0160
protonet,nadi_5,5,5,42,0.6737,0.0078
random,amgadhasan_5,5,1,42,0.1937,0.0061
random,amgadhasan_5,5,5,42,0.1937,0.0061
random,nadi_18,5,1,42,0.1937,0.0061
random,nadi_18,5,5,42,0.1937,0.0061
random,nadi_5,5,1,42,0.1937,0.0061
random,nadi_5,5,5,42,0.1937,0.0061
relationnet,amgadhasan_5,5,1,42,0.5950,0.0157
relationnet,amgadhasan_5,5,5,42,0.7599,0.0071
relationnet,nadi_18,5,1,42,0.3546,0.0132
relationnet,nadi_18,5,5,42,0.4783,0.0133
relationnet,nadi_5,5,1,42,0.4788,0.0181
relationnet,nadi_5,5,5,42,0.6735,0.0076
